{
  "SetSuccess@0.5": 0.4666666666666667,
  "DuplicateRate@0.5": 0.0,
  "Selected-FullCoverage@0.5": 0.0,
  "Oracle-Mode-FullCoverage@0.5": NaN,
  "Raw-Proposal-Oracle-FullCoverage@0.5": 0.9333333333333333,
  "Count-Acc-5": 0.47096774193548385,
  "Count-Acc-Exact": 0.47096774193548385,
  "MAE": 0.7634408602150538,
  "OverPredictionRate": 0.0,
  "UnderPredictionRate": 0.5290322580645161,
  "AUROC": 0.5196078431372549,
  "Rej-F1": 0.07547169811320754,
  "Null-FPR": 0.0,
  "grouped_metrics": {
    "null_gt": {
      "count": 210,
      "count_acc": 1.0,
      "SetSuccess": 1.0
    },
    "single_gt": {
      "count": 165,
      "count_acc": 0.05454545454545454,
      "SetSuccess": 0.04242424242424243
    },
    "multi_gt": {
      "count": 90,
      "count_acc": 0.0,
      "SetSuccess": 0.0
    }
  }
}